key,group,group_w,local_w,final_w,group_CR
foundation_perm,Geology,0.26477908870404576,0.33333333333333337,0.08825969623468193,6.579099405186112e-16
lithology,Geology,0.26477908870404576,0.3333333333333333,0.08825969623468191,6.579099405186112e-16
geomorphology,Geology,0.26477908870404576,0.1666666666666667,0.04412984811734097,6.579099405186112e-16
seismic,Geology,0.26477908870404576,0.16666666666666669,0.04412984811734096,6.579099405186112e-16
valley_width,Topography,0.24400054654628917,0.17610310148777253,0.04296925301151312,0.006886578909728106
runoff,Hydrology,0.2647790887040457,0.14652004208378913,0.03879544321982411,0.009111919207916703
catchment_area,Hydrology,0.2647790887040457,0.14652004208378913,0.03879544321982411,0.009111919207916703
slope,Topography,0.24400054654628917,0.1587768547710357,0.03874163934303349,0.006886578909728106
valley_depth,Topography,0.24400054654628917,0.15877685477103567,0.038741639343033485,0.006886578909728106
flow_acc,Topography,0.24400054654628917,0.15070136541554838,0.036771215526665846,0.006886578909728106
rainfall,Hydrology,0.2647790887040457,0.13642753412071848,0.03612315815862394,0.009111919207916703
streamflow,Hydrology,0.2647790887040457,0.1364275341207183,0.036123158158623894,0.009111919207916703
relief,Topography,0.24400054654628917,0.1397876479726578,0.034108262505748776,0.006886578909728106
soil_drainage,Soil,0.12200027327314468,0.26931700624698784,0.03285674835923773,0.004429063017313431
lulc,Socio_Env,0.10444100277247473,0.2893641256220824,0.030221479446350636,0.022461862057090113
settlement,Socio_Env,0.10444100277247473,0.2893641256220823,0.030221479446350622,0.022461862057090113
soil_texture,Soil,0.12200027327314468,0.24654158083234934,0.030078140234739707,0.004429063017313431
soil_depth,Soil,0.12200027327314468,0.24654158083234928,0.0300781402347397,0.004429063017313431
stream_order,Hydrology,0.2647790887040457,0.10215829162188597,0.027049379359205115,0.009111919207916703
population,Socio_Env,0.10444100277247473,0.2462661721677228,0.025720285970135877,0.022461862057090113
drainage_density,Hydrology,0.2647790887040457,0.07568039527488797,0.020038586093646803,0.009111919207916703
peak_runoff,Hydrology,0.2647790887040457,0.07568039527488797,0.020038586093646803,0.009111919207916703
twi,Topography,0.24400054654628917,0.07535068270777419,0.018385607763332923,0.006886578909728106
elevation,Topography,0.24400054654628917,0.07535068270777415,0.018385607763332912,0.006886578909728106
roads,Socio_Env,0.10444100277247473,0.17500557658811247,0.018277757909637593,0.022461862057090113
rain_var,Hydrology,0.2647790887040457,0.06579339282736582,0.01742071459557722,0.009111919207916703
dist_drainage,Hydrology,0.2647790887040457,0.06579339282736581,0.017420714595577216,0.009111919207916703
tri,Topography,0.24400054654628917,0.06515281016640154,0.0158973212896286,0.006886578909728106
soil_erosion,Soil,0.12200027327314468,0.12327079041617467,0.015039070117369853,0.004429063017313431
soil_K,Soil,0.12200027327314468,0.11432904167213881,0.01394817432705768,0.004429063017313431
dist_river,Hydrology,0.2647790887040457,0.04899897976459139,0.012973905209496484,0.009111919207916703
