model,method,cls,area_km2,breaks
AHP-WLC,equal,Very Low,0.0,"[1.8, 2.6, 3.4, 4.2]"
AHP-WLC,equal,Low,42.2622,"[1.8, 2.6, 3.4, 4.2]"
AHP-WLC,equal,Moderate,1944.288,"[1.8, 2.6, 3.4, 4.2]"
AHP-WLC,equal,High,90.8883,"[1.8, 2.6, 3.4, 4.2]"
AHP-WLC,equal,Very High,0.0,"[1.8, 2.6, 3.4, 4.2]"
AHP-WLC,quantile,Very Low,414.3492,"[2.84, 2.961, 3.071, 3.213]"
AHP-WLC,quantile,Low,418.986,"[2.84, 2.961, 3.071, 3.213]"
AHP-WLC,quantile,Moderate,415.224,"[2.84, 2.961, 3.071, 3.213]"
AHP-WLC,quantile,High,417.4317,"[2.84, 2.961, 3.071, 3.213]"
AHP-WLC,quantile,Very High,411.4476,"[2.84, 2.961, 3.071, 3.213]"
AHP-WLC,natural,Very Low,220.6314,"[2.759999990463257, 2.936000108718872, 3.0989999771118164, 3.2829999923706055]"
AHP-WLC,natural,Low,517.9644,"[2.759999990463257, 2.936000108718872, 3.0989999771118164, 3.2829999923706055]"
AHP-WLC,natural,Moderate,608.1165,"[2.759999990463257, 2.936000108718872, 3.0989999771118164, 3.2829999923706055]"
AHP-WLC,natural,High,466.1073,"[2.759999990463257, 2.936000108718872, 3.0989999771118164, 3.2829999923706055]"
AHP-WLC,natural,Very High,264.6189,"[2.759999990463257, 2.936000108718872, 3.0989999771118164, 3.2829999923706055]"
TOPSIS,equal,Very Low,0.0,"[0.2, 0.4, 0.6, 0.8]"
TOPSIS,equal,Low,7.7355,"[0.2, 0.4, 0.6, 0.8]"
TOPSIS,equal,Moderate,2060.3394,"[0.2, 0.4, 0.6, 0.8]"
TOPSIS,equal,High,9.3636,"[0.2, 0.4, 0.6, 0.8]"
TOPSIS,equal,Very High,0.0,"[0.2, 0.4, 0.6, 0.8]"
TOPSIS,quantile,Very Low,415.9224,"[0.489, 0.508, 0.527, 0.551]"
TOPSIS,quantile,Low,417.7377,"[0.489, 0.508, 0.527, 0.551]"
TOPSIS,quantile,Moderate,415.7109,"[0.489, 0.508, 0.527, 0.551]"
TOPSIS,quantile,High,417.1275,"[0.489, 0.508, 0.527, 0.551]"
TOPSIS,quantile,Very High,410.94,"[0.489, 0.508, 0.527, 0.551]"
TOPSIS,natural,Very Low,128.7099,"[0.46700000762939453, 0.49900001287460327, 0.5270000100135803, 0.5559999942779541]"
TOPSIS,natural,Low,495.7821,"[0.46700000762939453, 0.49900001287460327, 0.5270000100135803, 0.5559999942779541]"
TOPSIS,natural,Moderate,618.8868,"[0.46700000762939453, 0.49900001287460327, 0.5270000100135803, 0.5559999942779541]"
TOPSIS,natural,High,500.3298,"[0.46700000762939453, 0.49900001287460327, 0.5270000100135803, 0.5559999942779541]"
TOPSIS,natural,Very High,333.7299,"[0.46700000762939453, 0.49900001287460327, 0.5270000100135803, 0.5559999942779541]"
