scenario,spearman,top20_jaccard,auc
Geology x0.8,0.9983579786515798,0.9540791402051783,0.8364
Geology x0.9,0.9995997365999973,0.9762845849802372,0.8337333333333333
Geology x1.1,0.9996288776162888,0.9733596447952639,0.8287666666666665
Geology x1.2,0.9985788463457884,0.9598236158745713,0.8255333333333333
Topography x0.8,0.9948264118922641,0.9333011116481392,0.7985333333333333
Topography x0.9,0.9987900095799,0.9598236158745713,0.8157999999999999
Topography x1.1,0.9989554778575548,0.9588638589618022,0.8451333333333333
Topography x1.2,0.9961388022133881,0.9342359767891683,0.8582666666666667
Hydrology x0.8,0.994985699293857,0.9047619047619048,0.8638333333333335
Hydrology x0.9,0.9988398449923984,0.9521717911176184,0.8480333333333333
Hydrology x1.1,0.9990212678222126,0.9540791402051783,0.8146666666666667
Hydrology x1.2,0.9964082556880827,0.9166267369429804,0.7984666666666667
Soil x0.8,0.9976511400525113,0.9093078758949881,0.8505333333333333
Soil x0.9,0.9994206455622064,0.9502681618722575,0.8411333333333333
Soil x1.1,0.9994438124984381,0.9579050416054822,0.8217666666666666
Soil x1.2,0.997831102050311,0.9286403085824494,0.8114666666666667
Socio_Env x0.8,0.9979672942516731,0.9342359767891683,0.799
Socio_Env x0.9,0.9994893874908939,0.9656019656019657,0.8160666666666667
Socio_Env x1.1,0.9994881026748811,0.9656019656019657,0.8453
Socio_Env x1.2,0.9979723195877233,0.937046004842615,0.8568333333333333
