key,group,weight,auc_alone,auc_without,d_auc,rho_without,influence,spearman_with_RSI
valley_width,Topography,0.04296925301151312,0.5111666666666667,0.8601,-0.028900000000000037,0.9189900752379009,0.08100992476209912,0.48931015362292396
catchment_area,Hydrology,0.03879544321982411,0.5036166666666666,0.8319666666666666,-0.0007666666666666933,0.967697290708973,0.032302709291026965,0.20438423775678988
runoff,Hydrology,0.03879544321982411,0.36391666666666667,0.8975666666666667,-0.0663666666666668,0.9694839925308398,0.030516007469160167,0.6222148226712378
rainfall,Hydrology,0.03612315815862394,0.2978333333333333,0.9052000000000001,-0.07400000000000018,0.9728854278688543,0.027114572131145653,0.5996344098940585
slope,Topography,0.03874163934303349,0.51205,0.8374,-0.006200000000000094,0.9769220030652199,0.023077996934780076,0.41222816865546963
foundation_perm,Geology,0.08825969623468193,0.36506666666666665,0.8577333333333332,-0.026533333333333298,0.9784389757003897,0.021561024299610265,0.35884175605093643
relief,Topography,0.034108262505748776,0.6239833333333333,0.7717666666666666,0.05943333333333334,0.9784702654247026,0.021529734575297388,-0.24688866732263628
valley_depth,Topography,0.038741639343033485,0.69235,0.7631,0.06809999999999994,0.9835821695358217,0.01641783046417833,-0.2841748354320437
streamflow,Hydrology,0.036123158158623894,0.5507,0.8345,-0.0033000000000000806,0.9845631620304,0.015436837969600048,0.15607132175338054
settlement,Socio_Env,0.030221479446350622,0.70565,0.7890666666666666,0.042133333333333356,0.9860172563001725,0.013982743699827549,-0.14411385271885538
soil_depth,Soil,0.0300781402347397,0.32076666666666664,0.8530666666666668,-0.021866666666666812,0.9864855742928559,0.013514425707144118,0.30257829254997554
soil_texture,Soil,0.030078140234739707,0.19468333333333332,0.8761666666666665,-0.0449666666666666,0.9872692951406928,0.012730704859307163,0.3663228233868423
lithology,Geology,0.08825969623468191,0.5199,0.8251666666666667,0.006033333333333224,0.9877994268499943,0.012200573150005667,0.09426804881923972
stream_order,Hydrology,0.027049379359205115,0.8708999999999999,0.7868333333333334,0.044366666666666554,0.9911603055596031,0.008839694440396895,0.20537490142837075
lulc,Socio_Env,0.030221479446350636,0.9853999999999999,0.7381666666666666,0.0930333333333333,0.9916479105644792,0.008352089435520793,0.2186029522519767
roads,Socio_Env,0.018277757909637593,0.6584833333333333,0.8131333333333333,0.018066666666666675,0.9927950971839509,0.00720490281604913,-0.1567181402368658
peak_runoff,Hydrology,0.020038586093646803,0.5026666666666666,0.8299,0.0012999999999999678,0.9930745223227451,0.006925477677254932,-0.1872789984784423
rain_var,Hydrology,0.01742071459557722,0.49921666666666664,0.8358666666666668,-0.004666666666666819,0.9933783180457832,0.0066216819542167515,-0.04139122416564176
drainage_density,Hydrology,0.020038586093646803,0.36565,0.8429333333333333,-0.011733333333333373,0.9941241702292417,0.00587582977075829,0.21074275114086763
geomorphology,Geology,0.04412984811734097,0.66635,0.8245,0.006699999999999928,0.9946911275509112,0.005308872449088842,0.45007297748087655
seismic,Geology,0.04412984811734096,0.5564333333333333,0.8295333333333333,0.0016666666666665941,0.9946960110229602,0.005303988977039764,0.15114044113689581
population,Socio_Env,0.025720285970135877,0.7004833333333333,0.8088,0.022399999999999975,0.9959365865273659,0.004063413472634059,0.1146109662092599
elevation,Topography,0.018385607763332912,0.45033333333333336,0.8457666666666667,-0.014566666666666728,0.9961364260813642,0.0038635739186357876,0.504435112258408
twi,Topography,0.018385607763332923,0.9386,0.7963333333333333,0.0348666666666666,0.9966759878107598,0.0033240121892401664,0.40356482092834217
soil_K,Soil,0.01394817432705768,0.7504070004070004,0.8098333333333334,0.021366666666666534,0.9966895328828953,0.0033104671171046984,-0.32150232934838685
dist_river,Hydrology,0.012973905209496484,0.47316666666666674,0.8363,-0.0051000000000001044,0.9971191217631912,0.002880878236808826,0.15995728188365385
flow_acc,Topography,0.036771215526665846,0.8185333333333332,0.7342333333333334,0.09696666666666653,0.9971948119079481,0.00280518809205188,0.16862076552800512
dist_drainage,Hydrology,0.017420714595577216,0.45073333333333326,0.8315333333333333,-0.00033333333333340764,0.9973825646418256,0.0026174353581743803,-0.14526526108279383
soil_drainage,Soil,0.03285674835923773,0.23176666666666665,0.8588000000000001,-0.02760000000000018,0.9977871368338713,0.0022128631661286757,0.43773792381730775
soil_erosion,Soil,0.015039070117369853,0.2062,0.8479333333333333,-0.016733333333333378,0.9985905861019059,0.001409413898094125,0.4309880121213647
tri,Topography,0.0158973212896286,0.7379,0.8288333333333334,0.002366666666666517,0.9990920163309203,0.0009079836690797372,0.43691831716818297
